recording,path,label
exercise_1_loose_fist_2.csv,C:\Users\Acer\Desktop\AI-Multisensor-Glove-Dashboard\dataset\exercise_1_loose_fist\exercise_1_loose_fist_2.csv,exercise_1_loose_fist
exercise_1_loose_fist_8.csv,C:\Users\Acer\Desktop\AI-Multisensor-Glove-Dashboard\dataset\exercise_1_loose_fist\exercise_1_loose_fist_8.csv,exercise_1_loose_fist
exercise_1_loose_fist_5.csv,C:\Users\Acer\Desktop\AI-Multisensor-Glove-Dashboard\dataset\exercise_1_loose_fist\exercise_1_loose_fist_5.csv,exercise_1_loose_fist
exercise_1_loose_fist_6.csv,C:\Users\Acer\Desktop\AI-Multisensor-Glove-Dashboard\dataset\exercise_1_loose_fist\exercise_1_loose_fist_6.csv,exercise_1_loose_fist
exercise_1_loose_fist_9.csv,C:\Users\Acer\Desktop\AI-Multisensor-Glove-Dashboard\dataset\exercise_1_loose_fist\exercise_1_loose_fist_9.csv,exercise_1_loose_fist
exercise_1_loose_fist_4.csv,C:\Users\Acer\Desktop\AI-Multisensor-Glove-Dashboard\dataset\exercise_1_loose_fist\exercise_1_loose_fist_4.csv,exercise_1_loose_fist
exercise_1_loose_fist_1.csv,C:\Users\Acer\Desktop\AI-Multisensor-Glove-Dashboard\dataset\exercise_1_loose_fist\exercise_1_loose_fist_1.csv,exercise_1_loose_fist
exercise_1_loose_fist_10.csv,C:\Users\Acer\Desktop\AI-Multisensor-Glove-Dashboard\dataset\exercise_1_loose_fist\exercise_1_loose_fist_10.csv,exercise_1_loose_fist
exercise_2_fingertip_touching_2.csv,C:\Users\Acer\Desktop\AI-Multisensor-Glove-Dashboard\dataset\exercise_2_fingertip_touching\exercise_2_fingertip_touching_2.csv,exercise_2_fingertip_touching
exercise_2_fingertip_touching_4.csv,C:\Users\Acer\Desktop\AI-Multisensor-Glove-Dashboard\dataset\exercise_2_fingertip_touching\exercise_2_fingertip_touching_4.csv,exercise_2_fingertip_touching
exercise_2_fingertip_touching_10.csv,C:\Users\Acer\Desktop\AI-Multisensor-Glove-Dashboard\dataset\exercise_2_fingertip_touching\exercise_2_fingertip_touching_10.csv,exercise_2_fingertip_touching
exercise_2_fingertip_touching_8.csv,C:\Users\Acer\Desktop\AI-Multisensor-Glove-Dashboard\dataset\exercise_2_fingertip_touching\exercise_2_fingertip_touching_8.csv,exercise_2_fingertip_touching
exercise_2_fingertip_touching_7.csv,C:\Users\Acer\Desktop\AI-Multisensor-Glove-Dashboard\dataset\exercise_2_fingertip_touching\exercise_2_fingertip_touching_7.csv,exercise_2_fingertip_touching
exercise_2_fingertip_touching_1.csv,C:\Users\Acer\Desktop\AI-Multisensor-Glove-Dashboard\dataset\exercise_2_fingertip_touching\exercise_2_fingertip_touching_1.csv,exercise_2_fingertip_touching
exercise_2_fingertip_touching_6.csv,C:\Users\Acer\Desktop\AI-Multisensor-Glove-Dashboard\dataset\exercise_2_fingertip_touching\exercise_2_fingertip_touching_6.csv,exercise_2_fingertip_touching
exercise_2_fingertip_touching_9.csv,C:\Users\Acer\Desktop\AI-Multisensor-Glove-Dashboard\dataset\exercise_2_fingertip_touching\exercise_2_fingertip_touching_9.csv,exercise_2_fingertip_touching
exercise_3_wrist_rotation_1.csv,C:\Users\Acer\Desktop\AI-Multisensor-Glove-Dashboard\dataset\exercise_3_wrist_rotation\exercise_3_wrist_rotation_1.csv,exercise_3_wrist_rotation
exercise_3_wrist_rotation_2.csv,C:\Users\Acer\Desktop\AI-Multisensor-Glove-Dashboard\dataset\exercise_3_wrist_rotation\exercise_3_wrist_rotation_2.csv,exercise_3_wrist_rotation
exercise_3_wrist_rotation_4.csv,C:\Users\Acer\Desktop\AI-Multisensor-Glove-Dashboard\dataset\exercise_3_wrist_rotation\exercise_3_wrist_rotation_4.csv,exercise_3_wrist_rotation
exercise_3_wrist_rotation_9.csv,C:\Users\Acer\Desktop\AI-Multisensor-Glove-Dashboard\dataset\exercise_3_wrist_rotation\exercise_3_wrist_rotation_9.csv,exercise_3_wrist_rotation
exercise_3_wrist_rotation_10.csv,C:\Users\Acer\Desktop\AI-Multisensor-Glove-Dashboard\dataset\exercise_3_wrist_rotation\exercise_3_wrist_rotation_10.csv,exercise_3_wrist_rotation
exercise_3_wrist_rotation_6.csv,C:\Users\Acer\Desktop\AI-Multisensor-Glove-Dashboard\dataset\exercise_3_wrist_rotation\exercise_3_wrist_rotation_6.csv,exercise_3_wrist_rotation
exercise_3_wrist_rotation_3.csv,C:\Users\Acer\Desktop\AI-Multisensor-Glove-Dashboard\dataset\exercise_3_wrist_rotation\exercise_3_wrist_rotation_3.csv,exercise_3_wrist_rotation
exercise_3_wrist_rotation_8.csv,C:\Users\Acer\Desktop\AI-Multisensor-Glove-Dashboard\dataset\exercise_3_wrist_rotation\exercise_3_wrist_rotation_8.csv,exercise_3_wrist_rotation
exercise_4_finger_tapping_3.csv,C:\Users\Acer\Desktop\AI-Multisensor-Glove-Dashboard\dataset\exercise_4_finger_tapping\exercise_4_finger_tapping_3.csv,exercise_4_finger_tapping
exercise_4_finger_tapping_1.csv,C:\Users\Acer\Desktop\AI-Multisensor-Glove-Dashboard\dataset\exercise_4_finger_tapping\exercise_4_finger_tapping_1.csv,exercise_4_finger_tapping
exercise_4_finger_tapping_2.csv,C:\Users\Acer\Desktop\AI-Multisensor-Glove-Dashboard\dataset\exercise_4_finger_tapping\exercise_4_finger_tapping_2.csv,exercise_4_finger_tapping
exercise_4_finger_tapping_9.csv,C:\Users\Acer\Desktop\AI-Multisensor-Glove-Dashboard\dataset\exercise_4_finger_tapping\exercise_4_finger_tapping_9.csv,exercise_4_finger_tapping
exercise_4_finger_tapping_10.csv,C:\Users\Acer\Desktop\AI-Multisensor-Glove-Dashboard\dataset\exercise_4_finger_tapping\exercise_4_finger_tapping_10.csv,exercise_4_finger_tapping
exercise_4_finger_tapping_4.csv,C:\Users\Acer\Desktop\AI-Multisensor-Glove-Dashboard\dataset\exercise_4_finger_tapping\exercise_4_finger_tapping_4.csv,exercise_4_finger_tapping
exercise_4_finger_tapping_5.csv,C:\Users\Acer\Desktop\AI-Multisensor-Glove-Dashboard\dataset\exercise_4_finger_tapping\exercise_4_finger_tapping_5.csv,exercise_4_finger_tapping
exercise_4_finger_tapping_6.csv,C:\Users\Acer\Desktop\AI-Multisensor-Glove-Dashboard\dataset\exercise_4_finger_tapping\exercise_4_finger_tapping_6.csv,exercise_4_finger_tapping
exercise_5_hand_wave_7.csv,C:\Users\Acer\Desktop\AI-Multisensor-Glove-Dashboard\dataset\exercise_5_hand_wave\exercise_5_hand_wave_7.csv,exercise_5_hand_wave
exercise_5_hand_wave_3.csv,C:\Users\Acer\Desktop\AI-Multisensor-Glove-Dashboard\dataset\exercise_5_hand_wave\exercise_5_hand_wave_3.csv,exercise_5_hand_wave
exercise_5_hand_wave_1.csv,C:\Users\Acer\Desktop\AI-Multisensor-Glove-Dashboard\dataset\exercise_5_hand_wave\exercise_5_hand_wave_1.csv,exercise_5_hand_wave
exercise_5_hand_wave_2.csv,C:\Users\Acer\Desktop\AI-Multisensor-Glove-Dashboard\dataset\exercise_5_hand_wave\exercise_5_hand_wave_2.csv,exercise_5_hand_wave
exercise_5_hand_wave_4.csv,C:\Users\Acer\Desktop\AI-Multisensor-Glove-Dashboard\dataset\exercise_5_hand_wave\exercise_5_hand_wave_4.csv,exercise_5_hand_wave
exercise_5_hand_wave_8.csv,C:\Users\Acer\Desktop\AI-Multisensor-Glove-Dashboard\dataset\exercise_5_hand_wave\exercise_5_hand_wave_8.csv,exercise_5_hand_wave
exercise_5_hand_wave_5.csv,C:\Users\Acer\Desktop\AI-Multisensor-Glove-Dashboard\dataset\exercise_5_hand_wave\exercise_5_hand_wave_5.csv,exercise_5_hand_wave
exercise_5_hand_wave_10.csv,C:\Users\Acer\Desktop\AI-Multisensor-Glove-Dashboard\dataset\exercise_5_hand_wave\exercise_5_hand_wave_10.csv,exercise_5_hand_wave
idle_3.csv,C:\Users\Acer\Desktop\AI-Multisensor-Glove-Dashboard\dataset\idle\idle_3.csv,idle
idle_2.csv,C:\Users\Acer\Desktop\AI-Multisensor-Glove-Dashboard\dataset\idle\idle_2.csv,idle
idle_7.csv,C:\Users\Acer\Desktop\AI-Multisensor-Glove-Dashboard\dataset\idle\idle_7.csv,idle
idle_5.csv,C:\Users\Acer\Desktop\AI-Multisensor-Glove-Dashboard\dataset\idle\idle_5.csv,idle
idle_9.csv,C:\Users\Acer\Desktop\AI-Multisensor-Glove-Dashboard\dataset\idle\idle_9.csv,idle
idle_4.csv,C:\Users\Acer\Desktop\AI-Multisensor-Glove-Dashboard\dataset\idle\idle_4.csv,idle
idle_10.csv,C:\Users\Acer\Desktop\AI-Multisensor-Glove-Dashboard\dataset\idle\idle_10.csv,idle
idle_6.csv,C:\Users\Acer\Desktop\AI-Multisensor-Glove-Dashboard\dataset\idle\idle_6.csv,idle
