timestamp,t1,t2,t3,t4,t5,ax,ay,az,gx,gy,gz,label
2026-10-07T00:03:50.187,1189.0,0.0,0.0,0.0,0.0,0.0,9440.0,-13080.0,8244.0,-4898.0,-7409.0,exercise_3_wrist_rotation
2026-10-07T00:03:50.227,1239.0,0.0,0.0,0.0,0.0,0.0,8196.0,-12544.0,6560.0,-4830.0,-5707.0,exercise_3_wrist_rotation
2026-10-07T00:03:50.275,1289.0,0.0,0.0,0.0,0.0,0.0,8976.0,-11644.0,7592.0,-2986.0,-4021.0,exercise_3_wrist_rotation
2026-10-07T00:03:50.330,1339.0,0.0,0.0,0.0,0.0,0.0,7948.0,-12388.0,7524.0,-3893.0,-7161.0,exercise_3_wrist_rotation
2026-10-07T00:03:50.377,1389.0,0.0,0.0,0.0,0.0,0.0,9452.0,-12860.0,5844.0,-7151.0,-8768.0,exercise_3_wrist_rotation
2026-10-07T00:03:50.426,1439.0,0.0,0.0,0.0,0.0,0.0,9932.0,-11272.0,4292.0,-7718.0,-11024.0,exercise_3_wrist_rotation
2026-10-07T00:03:50.477,1489.0,0.0,0.0,0.0,0.0,0.0,11144.0,-12104.0,1896.0,-4930.0,-10687.0,exercise_3_wrist_rotation
2026-10-07T00:03:50.531,1539.0,0.0,0.0,0.0,0.0,0.0,12156.0,-11364.0,784.0,-4281.0,-8560.0,exercise_3_wrist_rotation
2026-10-07T00:03:50.575,1589.0,0.0,0.0,0.0,0.0,0.0,12880.0,-11332.0,60.0,-2746.0,-8023.0,exercise_3_wrist_rotation
2026-10-07T00:03:50.627,1639.0,0.0,0.0,0.0,0.0,0.0,12400.0,-10668.0,304.0,-4174.0,-7057.0,exercise_3_wrist_rotation
2026-10-07T00:03:50.680,1689.0,0.0,0.0,0.0,0.0,0.0,12268.0,-9324.0,-856.0,-5383.0,-8996.0,exercise_3_wrist_rotation
2026-10-07T00:03:50.727,1739.0,0.0,0.0,0.0,0.0,0.0,12748.0,-9460.0,-3184.0,-3615.0,-9067.0,exercise_3_wrist_rotation
2026-10-07T00:03:50.777,1789.0,0.0,0.0,0.0,0.0,0.0,13576.0,-8504.0,-4092.0,-3829.0,-7543.0,exercise_3_wrist_rotation
2026-10-07T00:03:50.830,1839.0,0.0,0.0,0.0,0.0,0.0,13708.0,-7640.0,-5196.0,-2828.0,-5551.0,exercise_3_wrist_rotation
2026-10-07T00:03:50.881,1889.0,0.0,0.0,0.0,0.0,0.0,13316.0,-7276.0,-5264.0,-1687.0,-4263.0,exercise_3_wrist_rotation
2026-10-07T00:03:50.924,1939.0,0.0,0.0,0.0,0.0,0.0,14464.0,-6616.0,-5740.0,-1886.0,-2866.0,exercise_3_wrist_rotation
2026-10-07T00:03:50.976,1989.0,0.0,0.0,0.0,0.0,0.0,14208.0,-5312.0,-5796.0,-16.0,-4919.0,exercise_3_wrist_rotation
2026-10-07T00:03:51.030,2039.0,0.0,0.0,0.0,0.0,0.0,13816.0,-4592.0,-6776.0,1955.0,-6279.0,exercise_3_wrist_rotation
2026-10-07T00:03:51.075,2089.0,0.0,0.0,0.0,0.0,0.0,14076.0,-3904.0,-7888.0,1758.0,-3814.0,exercise_3_wrist_rotation
2026-10-07T00:03:51.128,2139.0,0.0,0.0,0.0,0.0,0.0,14040.0,-3216.0,-8012.0,2199.0,-2808.0,exercise_3_wrist_rotation
2026-10-07T00:03:51.177,2189.0,0.0,0.0,0.0,0.0,0.0,14212.0,-2616.0,-8360.0,2191.0,-1522.0,exercise_3_wrist_rotation
2026-10-07T00:03:51.230,2239.0,0.0,0.0,0.0,0.0,0.0,13860.0,-2648.0,-8048.0,976.0,-608.0,exercise_3_wrist_rotation
2026-10-07T00:03:51.276,2289.0,0.0,0.0,0.0,0.0,0.0,13980.0,-2228.0,-7968.0,2246.0,-1475.0,exercise_3_wrist_rotation
2026-10-07T00:03:51.326,2339.0,0.0,0.0,0.0,0.0,0.0,13772.0,-2556.0,-8184.0,3761.0,-179.0,exercise_3_wrist_rotation
2026-10-07T00:03:51.374,2389.0,0.0,0.0,0.0,0.0,0.0,13980.0,-3236.0,-8032.0,7192.0,-38.0,exercise_3_wrist_rotation
2026-10-07T00:03:51.426,2439.0,0.0,0.0,0.0,0.0,0.0,14688.0,-3144.0,-7672.0,12519.0,191.0,exercise_3_wrist_rotation
2026-10-07T00:03:51.477,2489.0,0.0,0.0,0.0,0.0,0.0,12464.0,-5308.0,-9336.0,13545.0,-3538.0,exercise_3_wrist_rotation
2026-10-07T00:03:51.527,2539.0,0.0,0.0,0.0,0.0,0.0,14292.0,-2292.0,-8764.0,10134.0,64.0,exercise_3_wrist_rotation
2026-10-07T00:03:51.580,2589.0,0.0,0.0,0.0,0.0,0.0,13840.0,-1856.0,-8048.0,8552.0,381.0,exercise_3_wrist_rotation
2026-10-07T00:03:51.628,2639.0,0.0,0.0,0.0,0.0,0.0,14176.0,-2528.0,-7656.0,7580.0,453.0,exercise_3_wrist_rotation
2026-10-07T00:03:51.681,2689.0,0.0,0.0,0.0,0.0,0.0,13176.0,-3468.0,-7180.0,7416.0,-108.0,exercise_3_wrist_rotation
2026-10-07T00:03:51.725,2739.0,0.0,0.0,0.0,0.0,0.0,14124.0,-3224.0,-8672.0,11219.0,-1553.0,exercise_3_wrist_rotation
2026-10-07T00:03:51.774,2789.0,0.0,0.0,0.0,0.0,0.0,14572.0,-3032.0,-9188.0,10687.0,-653.0,exercise_3_wrist_rotation
2026-10-07T00:03:51.830,2839.0,0.0,0.0,0.0,0.0,0.0,14936.0,-2504.0,-8220.0,9017.0,2526.0,exercise_3_wrist_rotation
2026-10-07T00:03:51.877,2889.0,0.0,0.0,0.0,0.0,0.0,14600.0,-2700.0,-7580.0,6556.0,3698.0,exercise_3_wrist_rotation
2026-10-07T00:03:51.928,2939.0,0.0,0.0,0.0,0.0,0.0,14848.0,-2936.0,-7276.0,7394.0,4505.0,exercise_3_wrist_rotation
2026-10-07T00:03:51.977,2989.0,0.0,0.0,0.0,0.0,0.0,15240.0,-3936.0,-6852.0,6838.0,5561.0,exercise_3_wrist_rotation
2026-10-07T00:03:52.025,3039.0,0.0,0.0,0.0,0.0,0.0,16116.0,-3552.0,-6496.0,5846.0,7575.0,exercise_3_wrist_rotation
2026-10-07T00:03:52.075,3089.0,0.0,0.0,0.0,0.0,0.0,15556.0,-3528.0,-5892.0,6133.0,11644.0,exercise_3_wrist_rotation
2026-10-07T00:03:52.129,3139.0,0.0,0.0,0.0,0.0,0.0,16228.0,-2136.0,-3952.0,6087.0,13128.0,exercise_3_wrist_rotation
2026-10-07T00:03:52.175,3189.0,0.0,0.0,0.0,0.0,0.0,15888.0,-2316.0,-2620.0,4331.0,15792.0,exercise_3_wrist_rotation
2026-10-07T00:03:52.226,3239.0,0.0,0.0,0.0,0.0,0.0,14808.0,-1172.0,-492.0,2598.0,16682.0,exercise_3_wrist_rotation
2026-10-07T00:03:52.278,3289.0,0.0,0.0,0.0,0.0,0.0,14784.0,-1044.0,2168.0,2032.0,16353.0,exercise_3_wrist_rotation
2026-10-07T00:03:52.330,3339.0,0.0,0.0,0.0,0.0,0.0,14408.0,-128.0,4636.0,-1214.0,13756.0,exercise_3_wrist_rotation
2026-10-07T00:03:52.374,3389.0,0.0,0.0,0.0,0.0,0.0,15128.0,1968.0,4760.0,-918.0,9722.0,exercise_3_wrist_rotation
2026-10-07T00:03:52.425,3439.0,0.0,0.0,0.0,0.0,0.0,15444.0,2376.0,6408.0,-675.0,9153.0,exercise_3_wrist_rotation
2026-10-07T00:03:52.477,3489.0,0.0,0.0,0.0,0.0,0.0,14740.0,3148.0,5632.0,-1843.0,9614.0,exercise_3_wrist_rotation
2026-10-07T00:03:52.528,3539.0,0.0,0.0,0.0,0.0,0.0,15216.0,4476.0,8372.0,-1167.0,7323.0,exercise_3_wrist_rotation
2026-10-07T00:03:52.578,3589.0,0.0,0.0,0.0,0.0,0.0,13084.0,5000.0,7468.0,-2138.0,10441.0,exercise_3_wrist_rotation
2026-10-07T00:03:52.629,3639.0,0.0,0.0,0.0,0.0,0.0,14004.0,4316.0,8204.0,-3464.0,7717.0,exercise_3_wrist_rotation
2026-10-07T00:03:52.676,3689.0,0.0,0.0,0.0,0.0,0.0,12416.0,5908.0,10680.0,-2918.0,11242.0,exercise_3_wrist_rotation
2026-10-07T00:03:52.725,3739.0,0.0,0.0,0.0,0.0,0.0,12352.0,5344.0,10076.0,-4521.0,7612.0,exercise_3_wrist_rotation
2026-10-07T00:03:52.777,3789.0,0.0,0.0,0.0,0.0,0.0,11832.0,5620.0,11336.0,-2817.0,9846.0,exercise_3_wrist_rotation
2026-10-07T00:03:52.830,3839.0,0.0,0.0,0.0,0.0,0.0,11784.0,5328.0,11464.0,-4345.0,7450.0,exercise_3_wrist_rotation
2026-10-07T00:03:52.876,3889.0,0.0,0.0,0.0,0.0,0.0,9788.0,5908.0,12420.0,-4497.0,10441.0,exercise_3_wrist_rotation
2026-10-07T00:03:52.930,3939.0,0.0,0.0,0.0,0.0,0.0,10112.0,3868.0,12928.0,-6123.0,8373.0,exercise_3_wrist_rotation
2026-10-07T00:03:52.975,3989.0,0.0,0.0,0.0,0.0,0.0,9160.0,5000.0,14004.0,-5972.0,9596.0,exercise_3_wrist_rotation
2026-10-07T00:03:53.030,4039.0,0.0,0.0,0.0,0.0,0.0,7724.0,3256.0,14584.0,-7465.0,10136.0,exercise_3_wrist_rotation
2026-10-07T00:03:53.075,4089.0,0.0,0.0,0.0,0.0,0.0,6884.0,3528.0,15004.0,-6954.0,9326.0,exercise_3_wrist_rotation
2026-10-07T00:03:53.130,4139.0,0.0,0.0,0.0,0.0,0.0,6204.0,4224.0,16104.0,-8808.0,9702.0,exercise_3_wrist_rotation
2026-10-07T00:03:53.177,4189.0,0.0,0.0,0.0,0.0,0.0,6344.0,1932.0,16016.0,-10736.0,7472.0,exercise_3_wrist_rotation
2026-10-07T00:03:53.227,4239.0,0.0,0.0,0.0,0.0,0.0,5296.0,1548.0,15640.0,-9622.0,8872.0,exercise_3_wrist_rotation
2026-10-07T00:03:53.278,4289.0,0.0,0.0,0.0,0.0,0.0,4308.0,-1244.0,16340.0,-11798.0,7547.0,exercise_3_wrist_rotation
2026-10-07T00:03:53.329,4339.0,0.0,0.0,0.0,0.0,0.0,4404.0,-1240.0,17068.0,-7783.0,7548.0,exercise_3_wrist_rotation
2026-10-07T00:03:53.376,4389.0,0.0,0.0,0.0,0.0,0.0,1508.0,-3216.0,17116.0,-11045.0,8007.0,exercise_3_wrist_rotation
2026-10-07T00:03:53.428,4439.0,0.0,0.0,0.0,0.0,0.0,2996.0,-2592.0,17328.0,-7949.0,5250.0,exercise_3_wrist_rotation
2026-10-07T00:03:53.475,4489.0,0.0,0.0,0.0,0.0,0.0,888.0,-4920.0,16932.0,-10814.0,7198.0,exercise_3_wrist_rotation
2026-10-07T00:03:53.530,4539.0,0.0,0.0,0.0,0.0,0.0,2400.0,-4048.0,15984.0,-8500.0,2869.0,exercise_3_wrist_rotation
2026-10-07T00:03:53.577,4589.0,0.0,0.0,0.0,0.0,0.0,1020.0,-7916.0,16816.0,-6731.0,2798.0,exercise_3_wrist_rotation
2026-10-07T00:03:53.630,4639.0,0.0,0.0,0.0,0.0,0.0,1120.0,-4652.0,15636.0,-8219.0,1877.0,exercise_3_wrist_rotation
2026-10-07T00:03:53.678,4689.0,0.0,0.0,0.0,0.0,0.0,416.0,-8572.0,15352.0,-6495.0,-202.0,exercise_3_wrist_rotation
2026-10-07T00:03:53.730,4739.0,0.0,0.0,0.0,0.0,0.0,912.0,-7236.0,15368.0,-8349.0,159.0,exercise_3_wrist_rotation
2026-10-07T00:03:53.777,4789.0,0.0,0.0,0.0,0.0,0.0,540.0,-8096.0,14736.0,-9058.0,-1638.0,exercise_3_wrist_rotation
2026-10-07T00:03:53.828,4839.0,0.0,0.0,0.0,0.0,0.0,-76.0,-11516.0,14088.0,-11140.0,-1899.0,exercise_3_wrist_rotation
2026-10-07T00:03:53.879,4889.0,0.0,0.0,0.0,0.0,0.0,1104.0,-9652.0,14356.0,-11545.0,293.0,exercise_3_wrist_rotation
2026-10-07T00:03:53.928,4939.0,0.0,0.0,0.0,0.0,0.0,732.0,-11140.0,12416.0,-8175.0,-4496.0,exercise_3_wrist_rotation
2026-10-07T00:03:53.979,4989.0,0.0,0.0,0.0,0.0,0.0,656.0,-13380.0,11792.0,-9782.0,-2084.0,exercise_3_wrist_rotation
2026-10-07T00:03:54.027,5039.0,0.0,0.0,0.0,0.0,0.0,624.0,-13580.0,12188.0,-9028.0,-4098.0,exercise_3_wrist_rotation
2026-10-07T00:03:54.081,5089.0,0.0,0.0,0.0,0.0,0.0,-260.0,-13960.0,12080.0,-4881.0,-11497.0,exercise_3_wrist_rotation
2026-10-07T00:03:54.128,5139.0,0.0,0.0,0.0,0.0,0.0,664.0,-14056.0,8936.0,-14292.0,-14911.0,exercise_3_wrist_rotation
2026-10-07T00:03:54.178,5189.0,0.0,0.0,0.0,0.0,0.0,7172.0,-11804.0,6428.0,-8066.0,-11650.0,exercise_3_wrist_rotation
2026-10-07T00:03:54.228,5239.0,0.0,0.0,0.0,0.0,0.0,7404.0,-13752.0,4104.0,-5521.0,-11879.0,exercise_3_wrist_rotation
2026-10-07T00:03:54.279,5289.0,0.0,0.0,0.0,0.0,0.0,8600.0,-15724.0,5004.0,-3316.0,-6597.0,exercise_3_wrist_rotation
2026-10-07T00:03:54.328,5339.0,0.0,0.0,0.0,0.0,0.0,7352.0,-12744.0,4996.0,-4238.0,-4532.0,exercise_3_wrist_rotation
2026-10-07T00:03:54.381,5389.0,0.0,0.0,0.0,0.0,0.0,7976.0,-13424.0,4640.0,-2933.0,-8437.0,exercise_3_wrist_rotation
2026-10-07T00:03:54.428,5439.0,0.0,0.0,0.0,0.0,0.0,8504.0,-14572.0,3116.0,-3581.0,-7786.0,exercise_3_wrist_rotation
2026-10-07T00:03:54.477,5489.0,0.0,0.0,0.0,0.0,0.0,8184.0,-13244.0,2140.0,-2014.0,-5386.0,exercise_3_wrist_rotation
2026-10-07T00:03:54.528,5539.0,0.0,0.0,0.0,0.0,0.0,10068.0,-13824.0,2996.0,-2432.0,-9235.0,exercise_3_wrist_rotation
2026-10-07T00:03:54.579,5589.0,0.0,0.0,0.0,0.0,0.0,8864.0,-13040.0,-376.0,-1469.0,-4000.0,exercise_3_wrist_rotation
2026-10-07T00:03:54.627,5639.0,0.0,0.0,0.0,0.0,0.0,10396.0,-13308.0,1520.0,-3031.0,-7725.0,exercise_3_wrist_rotation
2026-10-07T00:03:54.677,5689.0,0.0,0.0,0.0,0.0,0.0,10788.0,-12988.0,-196.0,-2386.0,-6937.0,exercise_3_wrist_rotation
2026-10-07T00:03:54.729,5739.0,0.0,0.0,0.0,0.0,0.0,10404.0,-12780.0,-764.0,-2461.0,-4026.0,exercise_3_wrist_rotation
2026-10-07T00:03:54.777,5789.0,0.0,0.0,0.0,0.0,0.0,10904.0,-12200.0,-796.0,-1914.0,-4791.0,exercise_3_wrist_rotation
2026-10-07T00:03:54.829,5839.0,0.0,0.0,0.0,0.0,0.0,10708.0,-11896.0,-1600.0,-3023.0,-5700.0,exercise_3_wrist_rotation
2026-10-07T00:03:54.878,5889.0,0.0,0.0,0.0,0.0,0.0,11356.0,-11460.0,-2272.0,-2428.0,-6902.0,exercise_3_wrist_rotation
2026-10-07T00:03:54.931,5939.0,0.0,0.0,0.0,0.0,0.0,11448.0,-10436.0,-2996.0,-2635.0,-9038.0,exercise_3_wrist_rotation
2026-10-07T00:03:54.978,5989.0,0.0,0.0,0.0,0.0,0.0,12080.0,-9888.0,-4716.0,-3685.0,-9451.0,exercise_3_wrist_rotation
2026-10-07T00:03:55.030,6039.0,0.0,0.0,0.0,0.0,0.0,12456.0,-8844.0,-5676.0,-2863.0,-5435.0,exercise_3_wrist_rotation
2026-10-07T00:03:55.072,6089.0,0.0,0.0,0.0,0.0,0.0,12864.0,-8244.0,-6000.0,-525.0,-7697.0,exercise_3_wrist_rotation
2026-10-07T00:03:55.130,6139.0,0.0,0.0,0.0,0.0,0.0,12808.0,-8012.0,-7088.0,1256.0,-5951.0,exercise_3_wrist_rotation
2026-10-07T00:03:55.178,6189.0,0.0,0.0,0.0,0.0,0.0,13524.0,-6824.0,-7304.0,1712.0,-3882.0,exercise_3_wrist_rotation
2026-10-07T00:03:55.225,6239.0,0.0,0.0,0.0,0.0,0.0,12804.0,-6020.0,-6960.0,2861.0,-4029.0,exercise_3_wrist_rotation
2026-10-07T00:03:55.277,6289.0,0.0,0.0,0.0,0.0,0.0,13128.0,-5948.0,-8108.0,3683.0,-2776.0,exercise_3_wrist_rotation
2026-10-07T00:03:55.326,6339.0,0.0,0.0,0.0,0.0,0.0,13684.0,-4728.0,-7924.0,4678.0,-1683.0,exercise_3_wrist_rotation
2026-10-07T00:03:55.379,6389.0,0.0,0.0,0.0,0.0,0.0,13068.0,-6824.0,-7708.0,6989.0,-1898.0,exercise_3_wrist_rotation
2026-10-07T00:03:55.428,6439.0,0.0,0.0,0.0,0.0,0.0,13600.0,-3728.0,-6984.0,12264.0,-1175.0,exercise_3_wrist_rotation
2026-10-07T00:03:55.477,6489.0,0.0,0.0,0.0,0.0,0.0,14096.0,-5912.0,-8340.0,11000.0,-2923.0,exercise_3_wrist_rotation
2026-10-07T00:03:55.525,6539.0,0.0,0.0,0.0,0.0,0.0,14380.0,-4132.0,-8104.0,5983.0,-317.0,exercise_3_wrist_rotation
2026-10-07T00:03:55.580,6589.0,0.0,0.0,0.0,0.0,0.0,14212.0,-3864.0,-7452.0,4071.0,2793.0,exercise_3_wrist_rotation
2026-10-07T00:03:55.629,6639.0,0.0,0.0,0.0,0.0,0.0,14108.0,-4856.0,-6760.0,6824.0,3289.0,exercise_3_wrist_rotation
2026-10-07T00:03:55.678,6689.0,0.0,0.0,0.0,0.0,0.0,15268.0,-6172.0,-7340.0,9599.0,4281.0,exercise_3_wrist_rotation
2026-10-07T00:03:55.731,6739.0,0.0,0.0,0.0,0.0,0.0,14752.0,-5708.0,-7324.0,11021.0,6783.0,exercise_3_wrist_rotation
2026-10-07T00:03:55.777,6789.0,0.0,0.0,0.0,0.0,0.0,15968.0,-6640.0,-5348.0,8077.0,7903.0,exercise_3_wrist_rotation
2026-10-07T00:03:55.827,6839.0,0.0,0.0,0.0,0.0,0.0,14800.0,-4788.0,-3316.0,6851.0,10176.0,exercise_3_wrist_rotation
2026-10-07T00:03:55.875,6889.0,0.0,0.0,0.0,0.0,0.0,14776.0,-5160.0,-2524.0,8679.0,10665.0,exercise_3_wrist_rotation
2026-10-07T00:03:55.928,6939.0,0.0,0.0,0.0,0.0,0.0,15464.0,-5892.0,-1276.0,4550.0,9950.0,exercise_3_wrist_rotation
2026-10-07T00:03:55.977,6989.0,0.0,0.0,0.0,0.0,0.0,15132.0,-3916.0,-188.0,4167.0,9621.0,exercise_3_wrist_rotation
2026-10-07T00:03:56.030,7039.0,0.0,0.0,0.0,0.0,0.0,15992.0,-5004.0,1516.0,4547.0,9355.0,exercise_3_wrist_rotation
2026-10-07T00:03:56.078,7089.0,0.0,0.0,0.0,0.0,0.0,15912.0,-3660.0,1428.0,4210.0,7461.0,exercise_3_wrist_rotation
2026-10-07T00:03:56.127,7139.0,0.0,0.0,0.0,0.0,0.0,16128.0,-3384.0,2056.0,4326.0,11416.0,exercise_3_wrist_rotation
2026-10-07T00:03:56.174,7189.0,0.0,0.0,0.0,0.0,0.0,15708.0,-2096.0,3400.0,4224.0,15626.0,exercise_3_wrist_rotation
2026-10-07T00:03:56.225,7239.0,0.0,0.0,0.0,0.0,0.0,14156.0,-2496.0,5632.0,4174.0,14422.0,exercise_3_wrist_rotation
2026-10-07T00:03:56.280,7289.0,0.0,0.0,0.0,0.0,0.0,13984.0,-1188.0,7816.0,2764.0,15149.0,exercise_3_wrist_rotation
2026-10-07T00:03:56.331,7339.0,0.0,0.0,0.0,0.0,0.0,13832.0,-136.0,8636.0,3223.0,12684.0,exercise_3_wrist_rotation
2026-10-07T00:03:56.377,7389.0,0.0,0.0,0.0,0.0,0.0,13400.0,-360.0,9804.0,1330.0,10168.0,exercise_3_wrist_rotation
2026-10-07T00:03:56.425,7439.0,0.0,0.0,0.0,0.0,0.0,12916.0,712.0,10368.0,-400.0,11650.0,exercise_3_wrist_rotation
2026-10-07T00:03:56.475,7489.0,0.0,0.0,0.0,0.0,0.0,12456.0,964.0,11820.0,-1279.0,11182.0,exercise_3_wrist_rotation
2026-10-07T00:03:56.530,7539.0,0.0,0.0,0.0,0.0,0.0,11444.0,1536.0,11444.0,-2559.0,8918.0,exercise_3_wrist_rotation
2026-10-07T00:03:56.577,7589.0,0.0,0.0,0.0,0.0,0.0,11856.0,1328.0,13836.0,-3008.0,10216.0,exercise_3_wrist_rotation
2026-10-07T00:03:56.629,7639.0,0.0,0.0,0.0,0.0,0.0,8684.0,1884.0,13816.0,-3055.0,9433.0,exercise_3_wrist_rotation
2026-10-07T00:03:56.677,7689.0,0.0,0.0,0.0,0.0,0.0,10720.0,1412.0,13740.0,-3617.0,7169.0,exercise_3_wrist_rotation
2026-10-07T00:03:56.728,7739.0,0.0,0.0,0.0,0.0,0.0,7948.0,2412.0,14784.0,-2876.0,8703.0,exercise_3_wrist_rotation
2026-10-07T00:03:56.777,7789.0,0.0,0.0,0.0,0.0,0.0,9736.0,1228.0,13736.0,-2924.0,6981.0,exercise_3_wrist_rotation
2026-10-07T00:03:56.830,7839.0,0.0,0.0,0.0,0.0,0.0,6460.0,2320.0,16368.0,-4749.0,9978.0,exercise_3_wrist_rotation
2026-10-07T00:03:56.878,7889.0,0.0,0.0,0.0,0.0,0.0,6200.0,1680.0,15684.0,-5196.0,7398.0,exercise_3_wrist_rotation
2026-10-07T00:03:56.928,7939.0,0.0,0.0,0.0,0.0,0.0,5856.0,592.0,16640.0,-5202.0,7285.0,exercise_3_wrist_rotation
2026-10-07T00:03:56.975,7989.0,0.0,0.0,0.0,0.0,0.0,4808.0,-772.0,16308.0,-4914.0,5831.0,exercise_3_wrist_rotation
2026-10-07T00:03:57.030,8039.0,0.0,0.0,0.0,0.0,0.0,5304.0,-80.0,16732.0,-4672.0,6242.0,exercise_3_wrist_rotation
2026-10-07T00:03:57.077,8089.0,0.0,0.0,0.0,0.0,0.0,4636.0,-1560.0,16372.0,-5170.0,5181.0,exercise_3_wrist_rotation
2026-10-07T00:03:57.131,8139.0,0.0,0.0,0.0,0.0,0.0,4304.0,848.0,16804.0,-8125.0,5754.0,exercise_3_wrist_rotation
2026-10-07T00:03:57.177,8189.0,0.0,0.0,0.0,0.0,0.0,3932.0,-4216.0,17000.0,-8586.0,5335.0,exercise_3_wrist_rotation
2026-10-07T00:03:57.227,8239.0,0.0,0.0,0.0,0.0,0.0,2816.0,-1200.0,16172.0,-9157.0,4973.0,exercise_3_wrist_rotation
2026-10-07T00:03:57.279,8289.0,0.0,0.0,0.0,0.0,0.0,2508.0,-5960.0,17036.0,-10317.0,5100.0,exercise_3_wrist_rotation
2026-10-07T00:03:57.325,8339.0,0.0,0.0,0.0,0.0,0.0,2504.0,-3652.0,16252.0,-10027.0,4626.0,exercise_3_wrist_rotation
2026-10-07T00:03:57.380,8389.0,0.0,0.0,0.0,0.0,0.0,1700.0,-6348.0,16416.0,-12626.0,4430.0,exercise_3_wrist_rotation
2026-10-07T00:03:57.428,8439.0,0.0,0.0,0.0,0.0,0.0,1432.0,-4192.0,16304.0,-19792.0,3056.0,exercise_3_wrist_rotation
2026-10-07T00:03:57.477,8489.0,0.0,0.0,0.0,0.0,0.0,376.0,-10848.0,14536.0,-13104.0,816.0,exercise_3_wrist_rotation
2026-10-07T00:03:57.529,8539.0,0.0,0.0,0.0,0.0,0.0,1016.0,-10596.0,13520.0,-11581.0,76.0,exercise_3_wrist_rotation
2026-10-07T00:03:57.579,8589.0,0.0,0.0,0.0,0.0,0.0,1356.0,-13468.0,12224.0,-6393.0,-799.0,exercise_3_wrist_rotation
2026-10-07T00:03:57.631,8639.0,0.0,0.0,0.0,0.0,0.0,1284.0,-10364.0,12532.0,-7354.0,-330.0,exercise_3_wrist_rotation
2026-10-07T00:03:57.678,8689.0,0.0,0.0,0.0,0.0,0.0,1524.0,-12136.0,12724.0,-8358.0,-1826.0,exercise_3_wrist_rotation
2026-10-07T00:03:57.726,8739.0,0.0,0.0,0.0,0.0,0.0,1956.0,-11984.0,10836.0,-9201.0,-1993.0,exercise_3_wrist_rotation
2026-10-07T00:03:57.780,8789.0,0.0,0.0,0.0,0.0,0.0,2320.0,-13608.0,10312.0,-9762.0,-2791.0,exercise_3_wrist_rotation
2026-10-07T00:03:57.825,8839.0,0.0,0.0,0.0,0.0,0.0,1828.0,-14192.0,10624.0,-12011.0,-6086.0,exercise_3_wrist_rotation
2026-10-07T00:03:57.880,8889.0,0.0,0.0,0.0,0.0,0.0,2348.0,-14660.0,8296.0,-7298.0,-5610.0,exercise_3_wrist_rotation
2026-10-07T00:03:57.926,8939.0,0.0,0.0,0.0,0.0,0.0,4600.0,-14452.0,7724.0,-9757.0,-8673.0,exercise_3_wrist_rotation
2026-10-07T00:03:57.980,8989.0,0.0,0.0,0.0,0.0,0.0,4424.0,-14656.0,6352.0,-6324.0,-6322.0,exercise_3_wrist_rotation
2026-10-07T00:03:58.027,9039.0,0.0,0.0,0.0,0.0,0.0,5676.0,-14076.0,6080.0,-9536.0,-11583.0,exercise_3_wrist_rotation
2026-10-07T00:03:58.080,9089.0,0.0,0.0,0.0,0.0,0.0,6876.0,-14640.0,3084.0,-3404.0,-6653.0,exercise_3_wrist_rotation
2026-10-07T00:03:58.127,9139.0,0.0,0.0,0.0,0.0,0.0,7708.0,-14768.0,3924.0,-5555.0,-10230.0,exercise_3_wrist_rotation
2026-10-07T00:03:58.178,9189.0,0.0,0.0,0.0,0.0,0.0,7824.0,-13708.0,1640.0,-3044.0,-6871.0,exercise_3_wrist_rotation
2026-10-07T00:03:58.228,9239.0,0.0,0.0,0.0,0.0,0.0,8576.0,-14192.0,3036.0,-4581.0,-7010.0,exercise_3_wrist_rotation
2026-10-07T00:03:58.279,9289.0,0.0,0.0,0.0,0.0,0.0,8156.0,-12836.0,76.0,-3824.0,-12189.0,exercise_3_wrist_rotation
2026-10-07T00:03:58.327,9339.0,0.0,0.0,0.0,0.0,0.0,10300.0,-13456.0,-936.0,-2598.0,-9174.0,exercise_3_wrist_rotation
2026-10-07T00:03:58.378,9389.0,0.0,0.0,0.0,0.0,0.0,10724.0,-11820.0,-1972.0,-1952.0,-9463.0,exercise_3_wrist_rotation
2026-10-07T00:03:58.430,9439.0,0.0,0.0,0.0,0.0,0.0,11460.0,-12604.0,-2520.0,-2950.0,-5798.0,exercise_3_wrist_rotation
2026-10-07T00:03:58.477,9489.0,0.0,0.0,0.0,0.0,0.0,11000.0,-11416.0,-2220.0,-3800.0,-6562.0,exercise_3_wrist_rotation
2026-10-07T00:03:58.530,9539.0,0.0,0.0,0.0,0.0,0.0,11348.0,-11088.0,-3388.0,-3422.0,-7500.0,exercise_3_wrist_rotation
2026-10-07T00:03:58.579,9589.0,0.0,0.0,0.0,0.0,0.0,11800.0,-10440.0,-4504.0,-4049.0,-7306.0,exercise_3_wrist_rotation
2026-10-07T00:03:58.628,9639.0,0.0,0.0,0.0,0.0,0.0,11772.0,-9992.0,-5364.0,-3001.0,-5791.0,exercise_3_wrist_rotation
2026-10-07T00:03:58.677,9689.0,0.0,0.0,0.0,0.0,0.0,12084.0,-9300.0,-6248.0,-1532.0,-6471.0,exercise_3_wrist_rotation
2026-10-07T00:03:58.729,9739.0,0.0,0.0,0.0,0.0,0.0,12884.0,-8176.0,-6712.0,1391.0,-3366.0,exercise_3_wrist_rotation
2026-10-07T00:03:58.778,9789.0,0.0,0.0,0.0,0.0,0.0,12700.0,-7852.0,-6704.0,551.0,-2443.0,exercise_3_wrist_rotation
2026-10-07T00:03:58.827,9839.0,0.0,0.0,0.0,0.0,0.0,12612.0,-6928.0,-6376.0,286.0,-3663.0,exercise_3_wrist_rotation
2026-10-07T00:03:58.880,9889.0,0.0,0.0,0.0,0.0,0.0,12752.0,-7456.0,-7232.0,672.0,-3561.0,exercise_3_wrist_rotation
2026-10-07T00:03:58.926,9939.0,0.0,0.0,0.0,0.0,0.0,12812.0,-6784.0,-7672.0,190.0,-3265.0,exercise_3_wrist_rotation
2026-10-07T00:03:58.978,9989.0,0.0,0.0,0.0,0.0,0.0,12900.0,-6604.0,-7636.0,464.0,-3356.0,exercise_3_wrist_rotation
2026-10-07T00:03:59.027,10039.0,0.0,0.0,0.0,0.0,0.0,12684.0,-6112.0,-8220.0,2280.0,-3767.0,exercise_3_wrist_rotation
2026-10-07T00:03:59.078,10089.0,0.0,0.0,0.0,0.0,0.0,12876.0,-5408.0,-8352.0,4202.0,-3942.0,exercise_3_wrist_rotation
2026-10-07T00:03:59.128,10139.0,0.0,0.0,0.0,0.0,0.0,13080.0,-5116.0,-8916.0,4384.0,-2141.0,exercise_3_wrist_rotation
2026-10-07T00:03:59.178,10189.0,0.0,0.0,0.0,0.0,0.0,13012.0,-4512.0,-8924.0,4191.0,-386.0,exercise_3_wrist_rotation
2026-10-07T00:03:59.231,10239.0,0.0,0.0,0.0,0.0,0.0,13056.0,-5216.0,-8500.0,4484.0,276.0,exercise_3_wrist_rotation
2026-10-07T00:03:59.281,10289.0,0.0,0.0,0.0,0.0,0.0,12732.0,-5752.0,-8040.0,9536.0,939.0,exercise_3_wrist_rotation
2026-10-07T00:03:59.326,10339.0,0.0,0.0,0.0,0.0,0.0,12728.0,-5356.0,-7944.0,12602.0,-3146.0,exercise_3_wrist_rotation
2026-10-07T00:03:59.380,10389.0,0.0,0.0,0.0,0.0,0.0,13724.0,-4808.0,-9216.0,10690.0,-1888.0,exercise_3_wrist_rotation
2026-10-07T00:03:59.428,10439.0,0.0,0.0,0.0,0.0,0.0,14140.0,-3904.0,-9336.0,8608.0,337.0,exercise_3_wrist_rotation
2026-10-07T00:03:59.479,10489.0,0.0,0.0,0.0,0.0,0.0,13900.0,-4688.0,-8596.0,9144.0,4220.0,exercise_3_wrist_rotation
2026-10-07T00:03:59.526,10539.0,0.0,0.0,0.0,0.0,0.0,14508.0,-5072.0,-8272.0,9902.0,6526.0,exercise_3_wrist_rotation
2026-10-07T00:03:59.579,10589.0,0.0,0.0,0.0,0.0,0.0,15144.0,-5056.0,-6028.0,10819.0,7968.0,exercise_3_wrist_rotation
2026-10-07T00:03:59.628,10639.0,0.0,0.0,0.0,0.0,0.0,14652.0,-4840.0,-5404.0,10973.0,7682.0,exercise_3_wrist_rotation
2026-10-07T00:03:59.679,10689.0,0.0,0.0,0.0,0.0,0.0,15380.0,-4800.0,-3848.0,8468.0,9199.0,exercise_3_wrist_rotation
2026-10-07T00:03:59.731,10739.0,0.0,0.0,0.0,0.0,0.0,16564.0,-3292.0,-3416.0,10241.0,7906.0,exercise_3_wrist_rotation
2026-10-07T00:03:59.778,10789.0,0.0,0.0,0.0,0.0,0.0,15908.0,-4484.0,-3360.0,9068.0,11425.0,exercise_3_wrist_rotation
2026-10-07T00:03:59.829,10839.0,0.0,0.0,0.0,0.0,0.0,15200.0,-2824.0,-1260.0,8915.0,12029.0,exercise_3_wrist_rotation
2026-10-07T00:03:59.880,10889.0,0.0,0.0,0.0,0.0,0.0,15460.0,-4020.0,-112.0,11277.0,11406.0,exercise_3_wrist_rotation
2026-10-07T00:03:59.928,10939.0,0.0,0.0,0.0,0.0,0.0,15640.0,-3996.0,1288.0,9190.0,13659.0,exercise_3_wrist_rotation
2026-10-07T00:03:59.981,10989.0,0.0,0.0,0.0,0.0,0.0,15112.0,-3880.0,3364.0,6593.0,19713.0,exercise_3_wrist_rotation
2026-10-07T00:04:00.028,11039.0,0.0,0.0,0.0,0.0,0.0,13852.0,-2200.0,5532.0,4893.0,17033.0,exercise_3_wrist_rotation
2026-10-07T00:04:00.078,11089.0,0.0,0.0,0.0,0.0,0.0,13728.0,-2308.0,8504.0,962.0,18286.0,exercise_3_wrist_rotation
2026-10-07T00:04:00.128,11139.0,0.0,0.0,0.0,0.0,0.0,12976.0,-1076.0,10264.0,-721.0,17224.0,exercise_3_wrist_rotation
2026-10-07T00:04:00.174,11189.0,0.0,0.0,0.0,0.0,0.0,11992.0,-324.0,10704.0,-1354.0,15124.0,exercise_3_wrist_rotation
2026-10-07T00:04:00.226,11239.0,0.0,0.0,0.0,0.0,0.0,12088.0,-2012.0,12132.0,-2364.0,14359.0,exercise_3_wrist_rotation
2026-10-07T00:04:00.277,11289.0,0.0,0.0,0.0,0.0,0.0,10592.0,-596.0,12204.0,-1821.0,13696.0,exercise_3_wrist_rotation
2026-10-07T00:04:00.330,11339.0,0.0,0.0,0.0,0.0,0.0,9940.0,-1336.0,13640.0,-6343.0,15157.0,exercise_3_wrist_rotation
2026-10-07T00:04:00.377,11389.0,0.0,0.0,0.0,0.0,0.0,7336.0,-2636.0,16352.0,-6596.0,13750.0,exercise_3_wrist_rotation
2026-10-07T00:04:00.429,11439.0,0.0,0.0,0.0,0.0,0.0,6248.0,-3984.0,16448.0,-5530.0,7696.0,exercise_3_wrist_rotation
2026-10-07T00:04:00.478,11489.0,0.0,0.0,0.0,0.0,0.0,5748.0,-2908.0,15696.0,-5301.0,7826.0,exercise_3_wrist_rotation
2026-10-07T00:04:00.527,11539.0,0.0,0.0,0.0,0.0,0.0,5732.0,-3220.0,16352.0,-4528.0,8508.0,exercise_3_wrist_rotation
2026-10-07T00:04:00.574,11589.0,0.0,0.0,0.0,0.0,0.0,5112.0,-3488.0,15688.0,-8982.0,7533.0,exercise_3_wrist_rotation
2026-10-07T00:04:00.628,11639.0,0.0,0.0,0.0,0.0,0.0,5804.0,-4280.0,16144.0,-5467.0,8450.0,exercise_3_wrist_rotation
2026-10-07T00:04:00.681,11689.0,0.0,0.0,0.0,0.0,0.0,3784.0,-4064.0,16516.0,-14649.0,7997.0,exercise_3_wrist_rotation
2026-10-07T00:04:00.729,11739.0,0.0,0.0,0.0,0.0,0.0,4244.0,-6972.0,16200.0,-8116.0,4970.0,exercise_3_wrist_rotation
2026-10-07T00:04:00.781,11789.0,0.0,0.0,0.0,0.0,0.0,1680.0,-8220.0,15148.0,-18853.0,4746.0,exercise_3_wrist_rotation
2026-10-07T00:04:00.825,11839.0,0.0,0.0,0.0,0.0,0.0,3276.0,-8256.0,16440.0,-9894.0,1058.0,exercise_3_wrist_rotation
2026-10-07T00:04:00.881,11889.0,0.0,0.0,0.0,0.0,0.0,1916.0,-9192.0,13940.0,-22342.0,1553.0,exercise_3_wrist_rotation
2026-10-07T00:04:00.926,11939.0,0.0,0.0,0.0,0.0,0.0,3628.0,-11340.0,13056.0,-6292.0,-3116.0,exercise_3_wrist_rotation
2026-10-07T00:04:00.981,11989.0,0.0,0.0,0.0,0.0,0.0,4304.0,-13344.0,11992.0,-14816.0,-2314.0,exercise_3_wrist_rotation
2026-10-07T00:04:01.027,12039.0,0.0,0.0,0.0,0.0,0.0,4324.0,-11756.0,10556.0,-5636.0,-2104.0,exercise_3_wrist_rotation
2026-10-07T00:04:01.076,12089.0,0.0,0.0,0.0,0.0,0.0,5212.0,-14440.0,10520.0,-10508.0,-3691.0,exercise_3_wrist_rotation
2026-10-07T00:04:01.129,12139.0,0.0,0.0,0.0,0.0,0.0,4504.0,-12080.0,9140.0,-7440.0,-3438.0,exercise_3_wrist_rotation
2026-10-07T00:04:01.175,12189.0,0.0,0.0,0.0,0.0,0.0,4704.0,-15164.0,9408.0,-10342.0,-5081.0,exercise_3_wrist_rotation
2026-10-07T00:04:01.231,12239.0,0.0,0.0,0.0,0.0,0.0,4376.0,-11724.0,6212.0,-11169.0,-5918.0,exercise_3_wrist_rotation
2026-10-07T00:04:01.279,12289.0,0.0,0.0,0.0,0.0,0.0,8032.0,-14844.0,5836.0,-7261.0,-7247.0,exercise_3_wrist_rotation
2026-10-07T00:04:01.324,12339.0,0.0,0.0,0.0,0.0,0.0,6992.0,-14420.0,3064.0,-3888.0,-3512.0,exercise_3_wrist_rotation
2026-10-07T00:04:01.378,12389.0,0.0,0.0,0.0,0.0,0.0,7908.0,-16188.0,5108.0,-5014.0,-3786.0,exercise_3_wrist_rotation
2026-10-07T00:04:01.430,12439.0,0.0,0.0,0.0,0.0,0.0,7432.0,-12260.0,4044.0,-4945.0,-3803.0,exercise_3_wrist_rotation
2026-10-07T00:04:01.479,12489.0,0.0,0.0,0.0,0.0,0.0,9104.0,-14168.0,3928.0,-5833.0,-8920.0,exercise_3_wrist_rotation
2026-10-07T00:04:01.528,12539.0,0.0,0.0,0.0,0.0,0.0,9608.0,-12952.0,764.0,-5766.0,-9456.0,exercise_3_wrist_rotation
2026-10-07T00:04:01.577,12589.0,0.0,0.0,0.0,0.0,0.0,10252.0,-13440.0,-604.0,-5688.0,-6710.0,exercise_3_wrist_rotation
2026-10-07T00:04:01.626,12639.0,0.0,0.0,0.0,0.0,0.0,10480.0,-12212.0,-348.0,-6034.0,-7479.0,exercise_3_wrist_rotation
2026-10-07T00:04:01.680,12689.0,0.0,0.0,0.0,0.0,0.0,10776.0,-11032.0,-1480.0,-2489.0,-7633.0,exercise_3_wrist_rotation
2026-10-07T00:04:01.728,12739.0,0.0,0.0,0.0,0.0,0.0,10880.0,-12448.0,-2976.0,-3944.0,-6761.0,exercise_3_wrist_rotation
2026-10-07T00:04:01.778,12789.0,0.0,0.0,0.0,0.0,0.0,10384.0,-10512.0,-2492.0,-4199.0,-8174.0,exercise_3_wrist_rotation
2026-10-07T00:04:01.826,12839.0,0.0,0.0,0.0,0.0,0.0,11140.0,-10332.0,-4496.0,-4703.0,-10688.0,exercise_3_wrist_rotation
2026-10-07T00:04:01.881,12889.0,0.0,0.0,0.0,0.0,0.0,12156.0,-8660.0,-5596.0,-3359.0,-8445.0,exercise_3_wrist_rotation
2026-10-07T00:04:01.929,12939.0,0.0,0.0,0.0,0.0,0.0,12468.0,-8576.0,-6864.0,-2273.0,-9659.0,exercise_3_wrist_rotation
2026-10-07T00:04:01.980,12989.0,0.0,0.0,0.0,0.0,0.0,13020.0,-7644.0,-8020.0,-949.0,-7910.0,exercise_3_wrist_rotation
2026-10-07T00:04:02.028,13039.0,0.0,0.0,0.0,0.0,0.0,12552.0,-7324.0,-8172.0,-30.0,-5648.0,exercise_3_wrist_rotation
2026-10-07T00:04:02.079,13089.0,0.0,0.0,0.0,0.0,0.0,12304.0,-7520.0,-7744.0,1761.0,-5166.0,exercise_3_wrist_rotation
2026-10-07T00:04:02.125,13139.0,0.0,0.0,0.0,0.0,0.0,11364.0,-6512.0,-8600.0,2334.0,-8375.0,exercise_3_wrist_rotation
2026-10-07T00:04:02.175,13189.0,0.0,0.0,0.0,0.0,0.0,12636.0,-5656.0,-10900.0,3226.0,-6151.0,exercise_3_wrist_rotation
2026-10-07T00:04:02.228,13239.0,0.0,0.0,0.0,0.0,0.0,12084.0,-5412.0,-10244.0,2811.0,-2357.0,exercise_3_wrist_rotation
2026-10-07T00:04:02.278,13289.0,0.0,0.0,0.0,0.0,0.0,11692.0,-6288.0,-9572.0,5271.0,-1381.0,exercise_3_wrist_rotation
2026-10-07T00:04:02.329,13339.0,0.0,0.0,0.0,0.0,0.0,11676.0,-5700.0,-9736.0,6548.0,-2467.0,exercise_3_wrist_rotation
2026-10-07T00:04:02.380,13389.0,0.0,0.0,0.0,0.0,0.0,11736.0,-6140.0,-10036.0,6041.0,-6003.0,exercise_3_wrist_rotation
2026-10-07T00:04:02.426,13439.0,0.0,0.0,0.0,0.0,0.0,12412.0,-4820.0,-10788.0,3726.0,-2047.0,exercise_3_wrist_rotation
2026-10-07T00:04:02.481,13489.0,0.0,0.0,0.0,0.0,0.0,11924.0,-5060.0,-9928.0,4475.0,1107.0,exercise_3_wrist_rotation
2026-10-07T00:04:02.527,13539.0,0.0,0.0,0.0,0.0,0.0,12396.0,-6624.0,-10244.0,8712.0,1473.0,exercise_3_wrist_rotation
2026-10-07T00:04:02.580,13589.0,0.0,0.0,0.0,0.0,0.0,12776.0,-6692.0,-9536.0,12184.0,3327.0,exercise_3_wrist_rotation
2026-10-07T00:04:02.626,13639.0,0.0,0.0,0.0,0.0,0.0,12924.0,-6628.0,-9428.0,15348.0,4791.0,exercise_3_wrist_rotation
2026-10-07T00:04:02.676,13689.0,0.0,0.0,0.0,0.0,0.0,13012.0,-5924.0,-8148.0,13798.0,7829.0,exercise_3_wrist_rotation
2026-10-07T00:04:02.727,13739.0,0.0,0.0,0.0,0.0,0.0,13556.0,-5168.0,-7192.0,13096.0,6986.0,exercise_3_wrist_rotation
2026-10-07T00:04:02.775,13789.0,0.0,0.0,0.0,0.0,0.0,14044.0,-5940.0,-5624.0,9869.0,8110.0,exercise_3_wrist_rotation
2026-10-07T00:04:02.826,13839.0,0.0,0.0,0.0,0.0,0.0,15032.0,-6348.0,-4572.0,9229.0,8200.0,exercise_3_wrist_rotation
2026-10-07T00:04:02.879,13889.0,0.0,0.0,0.0,0.0,0.0,15112.0,-6116.0,-3136.0,7332.0,10653.0,exercise_3_wrist_rotation
2026-10-07T00:04:02.926,13939.0,0.0,0.0,0.0,0.0,0.0,14748.0,-5208.0,-1668.0,5929.0,9727.0,exercise_3_wrist_rotation
2026-10-07T00:04:02.977,13989.0,0.0,0.0,0.0,0.0,0.0,16232.0,-5596.0,-1616.0,1883.0,9417.0,exercise_3_wrist_rotation
2026-10-07T00:04:03.032,14039.0,0.0,0.0,0.0,0.0,0.0,16156.0,-4720.0,-1004.0,1371.0,15089.0,exercise_3_wrist_rotation
2026-10-07T00:04:03.074,14089.0,0.0,0.0,0.0,0.0,0.0,15324.0,-4864.0,1268.0,2260.0,16943.0,exercise_3_wrist_rotation
2026-10-07T00:04:03.132,14139.0,0.0,0.0,0.0,0.0,0.0,14252.0,-4320.0,3652.0,2952.0,20073.0,exercise_3_wrist_rotation
2026-10-07T00:04:03.180,14189.0,0.0,0.0,0.0,0.0,0.0,13972.0,-2624.0,6340.0,1685.0,17744.0,exercise_3_wrist_rotation
2026-10-07T00:04:03.226,14239.0,0.0,0.0,0.0,0.0,0.0,13448.0,-1056.0,8008.0,-47.0,17412.0,exercise_3_wrist_rotation
2026-10-07T00:04:03.278,14289.0,0.0,0.0,0.0,0.0,0.0,12776.0,-728.0,10280.0,-1051.0,15869.0,exercise_3_wrist_rotation
2026-10-07T00:04:03.330,14339.0,0.0,0.0,0.0,0.0,0.0,12156.0,-1168.0,10436.0,-2448.0,13873.0,exercise_3_wrist_rotation
2026-10-07T00:04:03.380,14389.0,0.0,0.0,0.0,0.0,0.0,12212.0,-792.0,11980.0,-5974.0,14651.0,exercise_3_wrist_rotation
2026-10-07T00:04:03.425,14439.0,0.0,0.0,0.0,0.0,0.0,10956.0,-1612.0,13092.0,-4529.0,12371.0,exercise_3_wrist_rotation
2026-10-07T00:04:03.480,14489.0,0.0,0.0,0.0,0.0,0.0,9932.0,-664.0,14164.0,-5369.0,10790.0,exercise_3_wrist_rotation
2026-10-07T00:04:03.524,14539.0,0.0,0.0,0.0,0.0,0.0,9468.0,-988.0,13660.0,-5576.0,10572.0,exercise_3_wrist_rotation
2026-10-07T00:04:03.577,14589.0,0.0,0.0,0.0,0.0,0.0,8856.0,-1136.0,14684.0,-7456.0,7888.0,exercise_3_wrist_rotation
2026-10-07T00:04:03.625,14639.0,0.0,0.0,0.0,0.0,0.0,8444.0,-3100.0,15352.0,-6432.0,8293.0,exercise_3_wrist_rotation
2026-10-07T00:04:03.676,14689.0,0.0,0.0,0.0,0.0,0.0,7648.0,-2672.0,15460.0,-9659.0,7402.0,exercise_3_wrist_rotation
2026-10-07T00:04:03.726,14739.0,0.0,0.0,0.0,0.0,0.0,7364.0,-3572.0,15604.0,-8004.0,6403.0,exercise_3_wrist_rotation
2026-10-07T00:04:03.779,14789.0,0.0,0.0,0.0,0.0,0.0,6284.0,-3852.0,15460.0,-10219.0,4405.0,exercise_3_wrist_rotation
2026-10-07T00:04:03.828,14839.0,0.0,0.0,0.0,0.0,0.0,6268.0,-4208.0,15220.0,-11201.0,3690.0,exercise_3_wrist_rotation
2026-10-07T00:04:03.878,14889.0,0.0,0.0,0.0,0.0,0.0,6268.0,-6668.0,14744.0,-12443.0,2486.0,exercise_3_wrist_rotation
2026-10-07T00:04:03.930,14939.0,0.0,0.0,0.0,0.0,0.0,6252.0,-6924.0,13884.0,-9697.0,1506.0,exercise_3_wrist_rotation
2026-10-07T00:04:03.981,14989.0,0.0,0.0,0.0,0.0,0.0,5744.0,-8900.0,14404.0,-11274.0,1690.0,exercise_3_wrist_rotation
2026-10-07T00:04:04.029,15039.0,0.0,0.0,0.0,0.0,0.0,6092.0,-5588.0,15312.0,-15087.0,-2021.0,exercise_3_wrist_rotation
2026-10-07T00:04:04.081,15089.0,0.0,0.0,0.0,0.0,0.0,6556.0,-11416.0,11876.0,-6820.0,-2058.0,exercise_3_wrist_rotation
2026-10-07T00:04:04.129,15139.0,0.0,0.0,0.0,0.0,0.0,6284.0,-10596.0,13888.0,-13400.0,-3313.0,exercise_3_wrist_rotation
2026-10-07T00:04:04.179,15189.0,0.0,0.0,0.0,0.0,0.0,6544.0,-12504.0,10640.0,-8364.0,-6339.0,exercise_3_wrist_rotation
2026-10-07T00:04:04.229,15239.0,0.0,0.0,0.0,0.0,0.0,6724.0,-11404.0,10064.0,-11208.0,-6767.0,exercise_3_wrist_rotation
2026-10-07T00:04:04.281,15289.0,0.0,0.0,0.0,0.0,0.0,8540.0,-10904.0,7188.0,-7302.0,-7545.0,exercise_3_wrist_rotation
2026-10-07T00:04:04.331,15339.0,0.0,0.0,0.0,0.0,0.0,9188.0,-13432.0,6528.0,-5565.0,-3940.0,exercise_3_wrist_rotation
2026-10-07T00:04:04.377,15389.0,0.0,0.0,0.0,0.0,0.0,9208.0,-12372.0,6028.0,-5470.0,-2743.0,exercise_3_wrist_rotation
2026-10-07T00:04:04.430,15439.0,0.0,0.0,0.0,0.0,0.0,9136.0,-13152.0,6248.0,-3472.0,-3418.0,exercise_3_wrist_rotation
2026-10-07T00:04:04.474,15489.0,0.0,0.0,0.0,0.0,0.0,7920.0,-11824.0,5460.0,-4636.0,-5737.0,exercise_3_wrist_rotation
2026-10-07T00:04:04.532,15539.0,0.0,0.0,0.0,0.0,0.0,9472.0,-12604.0,5648.0,-5699.0,-5662.0,exercise_3_wrist_rotation
2026-10-07T00:04:04.579,15589.0,0.0,0.0,0.0,0.0,0.0,9240.0,-13112.0,4200.0,-8138.0,-13756.0,exercise_3_wrist_rotation
2026-10-07T00:04:04.631,15639.0,0.0,0.0,0.0,0.0,0.0,11000.0,-12396.0,1636.0,-6765.0,-14458.0,exercise_3_wrist_rotation
2026-10-07T00:04:04.674,15689.0,0.0,0.0,0.0,0.0,0.0,11664.0,-12072.0,-1416.0,-4303.0,-11374.0,exercise_3_wrist_rotation
2026-10-07T00:04:04.728,15739.0,0.0,0.0,0.0,0.0,0.0,11504.0,-11392.0,-940.0,-5114.0,-10727.0,exercise_3_wrist_rotation
2026-10-07T00:04:04.779,15789.0,0.0,0.0,0.0,0.0,0.0,10996.0,-10628.0,-1892.0,-4637.0,-13529.0,exercise_3_wrist_rotation
2026-10-07T00:04:04.825,15839.0,0.0,0.0,0.0,0.0,0.0,11108.0,-10664.0,-4432.0,-5572.0,-11238.0,exercise_3_wrist_rotation
2026-10-07T00:04:04.876,15889.0,0.0,0.0,0.0,0.0,0.0,13428.0,-8944.0,-5472.0,-5855.0,-9461.0,exercise_3_wrist_rotation
2026-10-07T00:04:04.931,15939.0,0.0,0.0,0.0,0.0,0.0,13032.0,-9120.0,-7700.0,-2416.0,-6384.0,exercise_3_wrist_rotation
2026-10-07T00:04:04.980,15989.0,0.0,0.0,0.0,0.0,0.0,13188.0,-8492.0,-7396.0,-1131.0,-5026.0,exercise_3_wrist_rotation
2026-10-07T00:04:05.026,16039.0,0.0,0.0,0.0,0.0,0.0,11608.0,-8112.0,-6936.0,304.0,-5472.0,exercise_3_wrist_rotation
2026-10-07T00:04:05.078,16089.0,0.0,0.0,0.0,0.0,0.0,12076.0,-7400.0,-7344.0,731.0,-7735.0,exercise_3_wrist_rotation
2026-10-07T00:04:05.128,16139.0,0.0,0.0,0.0,0.0,0.0,12116.0,-6748.0,-8480.0,815.0,-6277.0,exercise_3_wrist_rotation
2026-10-07T00:04:05.174,16189.0,0.0,0.0,0.0,0.0,0.0,11564.0,-7188.0,-8616.0,5576.0,-6785.0,exercise_3_wrist_rotation
2026-10-07T00:04:05.229,16239.0,0.0,0.0,0.0,0.0,0.0,11468.0,-7944.0,-10212.0,9797.0,-8255.0,exercise_3_wrist_rotation
2026-10-07T00:04:05.279,16289.0,0.0,0.0,0.0,0.0,0.0,11672.0,-6912.0,-10572.0,7535.0,-8875.0,exercise_3_wrist_rotation
2026-10-07T00:04:05.328,16339.0,0.0,0.0,0.0,0.0,0.0,11548.0,-6788.0,-10628.0,5805.0,-5411.0,exercise_3_wrist_rotation
2026-10-07T00:04:05.376,16389.0,0.0,0.0,0.0,0.0,0.0,11052.0,-6328.0,-10396.0,4683.0,-999.0,exercise_3_wrist_rotation
2026-10-07T00:04:05.425,16439.0,0.0,0.0,0.0,0.0,0.0,10848.0,-7108.0,-9620.0,3759.0,-773.0,exercise_3_wrist_rotation
2026-10-07T00:04:05.478,16489.0,0.0,0.0,0.0,0.0,0.0,10452.0,-7872.0,-9440.0,7859.0,-1852.0,exercise_3_wrist_rotation
2026-10-07T00:04:05.529,16539.0,0.0,0.0,0.0,0.0,0.0,11416.0,-8960.0,-9636.0,16347.0,-3665.0,exercise_3_wrist_rotation
2026-10-07T00:04:05.579,16589.0,0.0,0.0,0.0,0.0,0.0,11776.0,-9192.0,-10048.0,18349.0,-2133.0,exercise_3_wrist_rotation
2026-10-07T00:04:05.626,16639.0,0.0,0.0,0.0,0.0,0.0,11996.0,-7420.0,-8388.0,17313.0,941.0,exercise_3_wrist_rotation
2026-10-07T00:04:05.681,16689.0,0.0,0.0,0.0,0.0,0.0,11668.0,-7976.0,-7880.0,16802.0,2742.0,exercise_3_wrist_rotation
2026-10-07T00:04:05.727,16739.0,0.0,0.0,0.0,0.0,0.0,12360.0,-9104.0,-6164.0,16845.0,3398.0,exercise_3_wrist_rotation
2026-10-07T00:04:05.773,16789.0,0.0,0.0,0.0,0.0,0.0,11988.0,-9032.0,-4388.0,15271.0,3429.0,exercise_3_wrist_rotation
2026-10-07T00:04:05.827,16839.0,0.0,0.0,0.0,0.0,0.0,13084.0,-9740.0,-3044.0,12598.0,1974.0,exercise_3_wrist_rotation
2026-10-07T00:04:05.880,16889.0,0.0,0.0,0.0,0.0,0.0,13484.0,-10096.0,-2428.0,12872.0,3719.0,exercise_3_wrist_rotation
2026-10-07T00:04:05.929,16939.0,0.0,0.0,0.0,0.0,0.0,13548.0,-10060.0,-1412.0,13288.0,6697.0,exercise_3_wrist_rotation
2026-10-07T00:04:05.972,16989.0,0.0,0.0,0.0,0.0,0.0,14048.0,-10644.0,-144.0,11861.0,12264.0,exercise_3_wrist_rotation
2026-10-07T00:04:06.025,17039.0,0.0,0.0,0.0,0.0,0.0,12556.0,-10740.0,640.0,9917.0,17092.0,exercise_3_wrist_rotation
2026-10-07T00:04:06.071,17089.0,0.0,0.0,0.0,0.0,0.0,13056.0,-9488.0,3476.0,9787.0,19806.0,exercise_3_wrist_rotation
2026-10-07T00:04:06.126,17139.0,0.0,0.0,0.0,0.0,0.0,11748.0,-7144.0,6472.0,6089.0,22435.0,exercise_3_wrist_rotation
2026-10-07T00:04:06.178,17189.0,0.0,0.0,0.0,0.0,0.0,10576.0,-5788.0,8392.0,8125.0,21986.0,exercise_3_wrist_rotation
2026-10-07T00:04:06.228,17239.0,0.0,0.0,0.0,0.0,0.0,9304.0,-6220.0,10736.0,4502.0,19288.0,exercise_3_wrist_rotation
2026-10-07T00:04:06.277,17289.0,0.0,0.0,0.0,0.0,0.0,7812.0,-4008.0,13212.0,1736.0,17032.0,exercise_3_wrist_rotation
2026-10-07T00:04:06.327,17339.0,0.0,0.0,0.0,0.0,0.0,8580.0,-4588.0,13696.0,-2187.0,16955.0,exercise_3_wrist_rotation
2026-10-07T00:04:06.381,17389.0,0.0,0.0,0.0,0.0,0.0,8152.0,-4468.0,14316.0,-4361.0,13330.0,exercise_3_wrist_rotation
2026-10-07T00:04:06.426,17439.0,0.0,0.0,0.0,0.0,0.0,6908.0,-5348.0,14012.0,-9111.0,15341.0,exercise_3_wrist_rotation
2026-10-07T00:04:06.478,17489.0,0.0,0.0,0.0,0.0,0.0,4620.0,-4036.0,16552.0,-10292.0,12378.0,exercise_3_wrist_rotation
2026-10-07T00:04:06.528,17539.0,0.0,0.0,0.0,0.0,0.0,4764.0,-6832.0,15296.0,-15773.0,10063.0,exercise_3_wrist_rotation
2026-10-07T00:04:06.580,17589.0,0.0,0.0,0.0,0.0,0.0,4712.0,-4124.0,17340.0,-10103.0,11128.0,exercise_3_wrist_rotation
2026-10-07T00:04:06.628,17639.0,0.0,0.0,0.0,0.0,0.0,3868.0,-6404.0,15736.0,-14476.0,5518.0,exercise_3_wrist_rotation
2026-10-07T00:04:06.676,17689.0,0.0,0.0,0.0,0.0,0.0,5104.0,-7828.0,15344.0,-8403.0,6236.0,exercise_3_wrist_rotation
2026-10-07T00:04:06.729,17739.0,0.0,0.0,0.0,0.0,0.0,4384.0,-5140.0,15868.0,-12265.0,3228.0,exercise_3_wrist_rotation
2026-10-07T00:04:06.777,17789.0,0.0,0.0,0.0,0.0,0.0,5436.0,-8408.0,14988.0,-8049.0,3003.0,exercise_3_wrist_rotation
2026-10-07T00:04:06.826,17839.0,0.0,0.0,0.0,0.0,0.0,6428.0,-7056.0,13460.0,-11955.0,-532.0,exercise_3_wrist_rotation
2026-10-07T00:04:06.876,17889.0,0.0,0.0,0.0,0.0,0.0,8524.0,-9168.0,13148.0,-6563.0,3553.0,exercise_3_wrist_rotation
2026-10-07T00:04:06.925,17939.0,0.0,0.0,0.0,0.0,0.0,7496.0,-9172.0,12220.0,-10693.0,2545.0,exercise_3_wrist_rotation
2026-10-07T00:04:06.977,17989.0,0.0,0.0,0.0,0.0,0.0,7940.0,-8504.0,12772.0,-9752.0,4257.0,exercise_3_wrist_rotation
2026-10-07T00:04:07.028,18039.0,0.0,0.0,0.0,0.0,0.0,8056.0,-8216.0,13012.0,-13919.0,-747.0,exercise_3_wrist_rotation
2026-10-07T00:04:07.074,18089.0,0.0,0.0,0.0,0.0,0.0,8436.0,-8640.0,11332.0,-12186.0,-2866.0,exercise_3_wrist_rotation
2026-10-07T00:04:07.131,18139.0,0.0,0.0,0.0,0.0,0.0,8496.0,-11140.0,10800.0,-12526.0,-7742.0,exercise_3_wrist_rotation
2026-10-07T00:04:07.177,18189.0,0.0,0.0,0.0,0.0,0.0,8296.0,-9648.0,7520.0,-10521.0,-8562.0,exercise_3_wrist_rotation
2026-10-07T00:04:07.231,18239.0,0.0,0.0,0.0,0.0,0.0,11128.0,-10988.0,7448.0,-8732.0,-13940.0,exercise_3_wrist_rotation
2026-10-07T00:04:07.277,18289.0,0.0,0.0,0.0,0.0,0.0,10076.0,-10452.0,3508.0,-5449.0,-12606.0,exercise_3_wrist_rotation
2026-10-07T00:04:07.327,18339.0,0.0,0.0,0.0,0.0,0.0,12500.0,-10620.0,4300.0,-5556.0,-13582.0,exercise_3_wrist_rotation
2026-10-07T00:04:07.377,18389.0,0.0,0.0,0.0,0.0,0.0,11728.0,-8512.0,288.0,-4122.0,-16336.0,exercise_3_wrist_rotation
2026-10-07T00:04:07.428,18439.0,0.0,0.0,0.0,0.0,0.0,14564.0,-7996.0,-1160.0,-2216.0,-11100.0,exercise_3_wrist_rotation
2026-10-07T00:04:07.477,18489.0,0.0,0.0,0.0,0.0,0.0,14104.0,-7416.0,-592.0,-3363.0,-16197.0,exercise_3_wrist_rotation
2026-10-07T00:04:07.528,18539.0,0.0,0.0,0.0,0.0,0.0,14200.0,-6440.0,-3956.0,-2690.0,-17079.0,exercise_3_wrist_rotation
2026-10-07T00:04:07.581,18589.0,0.0,0.0,0.0,0.0,0.0,15068.0,-4888.0,-6004.0,-1471.0,-11461.0,exercise_3_wrist_rotation
2026-10-07T00:04:07.630,18639.0,0.0,0.0,0.0,0.0,0.0,15096.0,-4128.0,-5764.0,995.0,-13734.0,exercise_3_wrist_rotation
2026-10-07T00:04:07.677,18689.0,0.0,0.0,0.0,0.0,0.0,13892.0,-4940.0,-8088.0,3139.0,-12522.0,exercise_3_wrist_rotation
2026-10-07T00:04:07.727,18739.0,0.0,0.0,0.0,0.0,0.0,13328.0,-4352.0,-8612.0,3698.0,-9729.0,exercise_3_wrist_rotation
2026-10-07T00:04:07.777,18789.0,0.0,0.0,0.0,0.0,0.0,12584.0,-5184.0,-9880.0,7298.0,-11277.0,exercise_3_wrist_rotation
2026-10-07T00:04:07.828,18839.0,0.0,0.0,0.0,0.0,0.0,12720.0,-4228.0,-10872.0,14108.0,-4975.0,exercise_3_wrist_rotation
2026-10-07T00:04:07.876,18889.0,0.0,0.0,0.0,0.0,0.0,12544.0,-5108.0,-11468.0,15185.0,-5688.0,exercise_3_wrist_rotation
2026-10-07T00:04:07.929,18939.0,0.0,0.0,0.0,0.0,0.0,12020.0,-4360.0,-10200.0,13739.0,-3204.0,exercise_3_wrist_rotation
2026-10-07T00:04:07.977,18989.0,0.0,0.0,0.0,0.0,0.0,12084.0,-3844.0,-9468.0,11680.0,-3719.0,exercise_3_wrist_rotation
2026-10-07T00:04:08.031,19039.0,0.0,0.0,0.0,0.0,0.0,12544.0,-4832.0,-10156.0,9271.0,-1873.0,exercise_3_wrist_rotation
2026-10-07T00:04:08.077,19089.0,0.0,0.0,0.0,0.0,0.0,12424.0,-5688.0,-9912.0,7937.0,490.0,exercise_3_wrist_rotation
2026-10-07T00:04:08.127,19139.0,0.0,0.0,0.0,0.0,0.0,12316.0,-6224.0,-9328.0,10362.0,1628.0,exercise_3_wrist_rotation
2026-10-07T00:04:08.172,19189.0,0.0,0.0,0.0,0.0,0.0,11868.0,-7180.0,-8292.0,10363.0,3058.0,exercise_3_wrist_rotation
2026-10-07T00:04:08.230,19239.0,0.0,0.0,0.0,0.0,0.0,12952.0,-6672.0,-7528.0,10916.0,2742.0,exercise_3_wrist_rotation
2026-10-07T00:04:08.277,19289.0,0.0,0.0,0.0,0.0,0.0,13820.0,-7580.0,-7500.0,11546.0,2588.0,exercise_3_wrist_rotation
2026-10-07T00:04:08.323,19339.0,0.0,0.0,0.0,0.0,0.0,13244.0,-8476.0,-7420.0,11615.0,6532.0,exercise_3_wrist_rotation
2026-10-07T00:04:08.376,19389.0,0.0,0.0,0.0,0.0,0.0,13772.0,-8764.0,-5800.0,11652.0,10444.0,exercise_3_wrist_rotation
2026-10-07T00:04:08.429,19439.0,0.0,0.0,0.0,0.0,0.0,13624.0,-8616.0,-4784.0,11844.0,13855.0,exercise_3_wrist_rotation
2026-10-07T00:04:08.474,19489.0,0.0,0.0,0.0,0.0,0.0,14696.0,-8320.0,-3104.0,10870.0,19596.0,exercise_3_wrist_rotation
2026-10-07T00:04:08.529,19539.0,0.0,0.0,0.0,0.0,0.0,14044.0,-7344.0,8.0,9948.0,21225.0,exercise_3_wrist_rotation
2026-10-07T00:04:08.577,19589.0,0.0,0.0,0.0,0.0,0.0,12292.0,-6964.0,3328.0,3228.0,23297.0,exercise_3_wrist_rotation
2026-10-07T00:04:08.625,19639.0,0.0,0.0,0.0,0.0,0.0,14416.0,-4728.0,5312.0,3006.0,21374.0,exercise_3_wrist_rotation
2026-10-07T00:04:08.674,19689.0,0.0,0.0,0.0,0.0,0.0,13348.0,-5264.0,8548.0,5561.0,19158.0,exercise_3_wrist_rotation
2026-10-07T00:04:08.726,19739.0,0.0,0.0,0.0,0.0,0.0,12276.0,-4004.0,9444.0,2719.0,14437.0,exercise_3_wrist_rotation
2026-10-07T00:04:08.779,19789.0,0.0,0.0,0.0,0.0,0.0,11432.0,-2960.0,11052.0,479.0,16493.0,exercise_3_wrist_rotation
2026-10-07T00:04:08.826,19839.0,0.0,0.0,0.0,0.0,0.0,11208.0,-1812.0,12356.0,-3311.0,12923.0,exercise_3_wrist_rotation
2026-10-07T00:04:08.877,19889.0,0.0,0.0,0.0,0.0,0.0,11056.0,-2408.0,12200.0,-2229.0,10838.0,exercise_3_wrist_rotation
